{"cameraMode":{"drawMode":0,"name":"Shaded","section":"Shading Mode"},"sceneLighting":true,"audioPlay":false,"sceneViewState":{"m_AlwaysRefresh":false,"showFog":true,"showSkybox":true,"showFlares":true,"showImageEffects":true,"showParticleSystems":true,"showVisualEffectGraphs":true,"m_FxEnabled":true},"in2DMode":false,"pivot":{"x":1.8280775547027588,"y":2.958944082260132,"z":-6.218910217285156},"rotation":{"x":0.015485407784581185,"y":0.34519875049591067,"z":-0.005695156287401915,"w":0.9383861422538757},"size":2.4942777156829836,"orthographic":true}